{
  "0.3": {
    "M_P": {
      "ivr": {
        "mean": 0.28927319214808567,
        "std": 0.039824505717524605
      },
      "eg": {
        "mean": 0.0,
        "std": 0.0
      },
      "latency": {
        "mean": 14.999914291611372,
        "std": 1.1608181051972253
      }
    },
    "M_L": {
      "ivr": {
        "mean": 0.049428614377030604,
        "std": 0.0316498842698563
      },
      "eg": {
        "mean": 0.19914507451674812,
        "std": 0.03273752525283338
      },
      "latency": {
        "mean": 21.316016912039245,
        "std": 2.073667256109973
      }
    },
    "M_D": {
      "ivr": {
        "mean": 0.0,
        "std": 0.0
      },
      "eg": {
        "mean": 0.20873965211991743,
        "std": 0.030115297522648243
      },
      "latency": {
        "mean": 1564.124383020754,
        "std": 121.8031973806987
      },
      "collect_latency": {
        "mean": 1023.0583155102594,
        "std": 75.86906523906075
      }
    }
  },
  "0.5": {
    "M_P": {
      "ivr": {
        "mean": 0.2835854930566839,
        "std": 0.029454219865786804
      },
      "eg": {
        "mean": 0.0,
        "std": 0.0
      },
      "latency": {
        "mean": 14.987248232046793,
        "std": 1.1105975089940145
      }
    },
    "M_L": {
      "ivr": {
        "mean": 0.08375375421489595,
        "std": 0.028538650905494508
      },
      "eg": {
        "mean": 0.18244231051893517,
        "std": 0.02388425092914421
      },
      "latency": {
        "mean": 20.88986917097166,
        "std": 2.0532230893998484
      }
    },
    "M_D": {
      "ivr": {
        "mean": 0.0,
        "std": 0.0
      },
      "eg": {
        "mean": 0.20764195541221847,
        "std": 0.021891346674374965
      },
      "latency": {
        "mean": 1591.3012628797883,
        "std": 126.68201454221337
      },
      "collect_latency": {
        "mean": 1033.2630060925153,
        "std": 76.38696012756529
      }
    }
  },
  "0.7": {
    "M_P": {
      "ivr": {
        "mean": 0.28909742223605994,
        "std": 0.023383972366179655
      },
      "eg": {
        "mean": 0.0,
        "std": 0.0
      },
      "latency": {
        "mean": 15.282562646961079,
        "std": 0.8485812614571439
      }
    },
    "M_L": {
      "ivr": {
        "mean": 0.1139742568687277,
        "std": 0.025467536141894724
      },
      "eg": {
        "mean": 0.1759059684264336,
        "std": 0.02209162851211914
      },
      "latency": {
        "mean": 20.877322907108212,
        "std": 1.0436863193981802
      }
    },
    "M_D": {
      "ivr": {
        "mean": 0.0,
        "std": 0.0
      },
      "eg": {
        "mean": 0.21432230168623384,
        "std": 0.01567280563224896
      },
      "latency": {
        "mean": 1549.3856025582306,
        "std": 112.0257347315915
      },
      "collect_latency": {
        "mean": 1009.5125236003976,
        "std": 65.75655297598964
      }
    }
  }
}