{
  "M_P": {
    "ivr": {
      "mean": 0.3445197862044553,
      "std": 0.031141829605642077
    },
    "eg": {
      "mean": 0.0,
      "std": 0.0
    },
    "latency": {
      "mean": 17.274335925579372,
      "std": 2.922391761381908
    }
  },
  "M_L": {
    "ivr": {
      "mean": 0.10255561464399483,
      "std": 0.031626638619838665
    },
    "eg": {
      "mean": 0.2013766049740171,
      "std": 0.02589356029765516
    },
    "latency": {
      "mean": 23.633841723456573,
      "std": 2.93707233689875
    }
  },
  "M_D": {
    "ivr": {
      "mean": 0.0,
      "std": 0.0
    },
    "eg": {
      "mean": 0.23195385411426897,
      "std": 0.022921672983411835
    },
    "latency": {
      "mean": 1717.5443367232244,
      "std": 256.7983684170121
    },
    "collect_latency": {
      "mean": 1121.8179609061242,
      "std": 162.78360758515703
    }
  }
}