{
  "3": {
    "M_P": {
      "ivr": {
        "mean": 0.16225117948033146,
        "std": 0.03535405347442484
      },
      "eg": {
        "mean": 0.0,
        "std": 0.0
      },
      "latency": {
        "mean": 16.572929140175113,
        "std": 1.5470458715723998
      }
    },
    "M_L": {
      "ivr": {
        "mean": 0.046928483868596875,
        "std": 0.027527683370372254
      },
      "eg": {
        "mean": 0.1193244853165987,
        "std": 0.027184762041991276
      },
      "latency": {
        "mean": 23.624084418095954,
        "std": 2.240668610902583
      }
    },
    "M_D": {
      "ivr": {
        "mean": 0.0,
        "std": 0.0
      },
      "eg": {
        "mean": 0.13292044964216937,
        "std": 0.02742172570575947
      },
      "latency": {
        "mean": 1654.1476480204603,
        "std": 152.424507071496
      },
      "collect_latency": {
        "mean": 1085.602813147806,
        "std": 98.45586236302766
      }
    }
  },
  "5": {
    "M_P": {
      "ivr": {
        "mean": 0.2835854930566839,
        "std": 0.029454219865786804
      },
      "eg": {
        "mean": 0.0,
        "std": 0.0
      },
      "latency": {
        "mean": 18.015997013181508,
        "std": 1.8556016184684778
      }
    },
    "M_L": {
      "ivr": {
        "mean": 0.08375375421489595,
        "std": 0.028538650905494508
      },
      "eg": {
        "mean": 0.18244231051893517,
        "std": 0.02388425092914421
      },
      "latency": {
        "mean": 24.537737364171644,
        "std": 2.1006299048806487
      }
    },
    "M_D": {
      "ivr": {
        "mean": 0.0,
        "std": 0.0
      },
      "eg": {
        "mean": 0.20764195541221847,
        "std": 0.021891346674374965
      },
      "latency": {
        "mean": 1760.3922062769427,
        "std": 147.91550598590095
      },
      "collect_latency": {
        "mean": 1153.0771780333373,
        "std": 94.50175196511536
      }
    }
  },
  "10": {
    "M_P": {
      "ivr": {
        "mean": 0.44356699979339714,
        "std": 0.014141565090451483
      },
      "eg": {
        "mean": 0.0,
        "std": 0.0
      },
      "latency": {
        "mean": 18.612744228568708,
        "std": 2.057781551459139
      }
    },
    "M_L": {
      "ivr": {
        "mean": 0.13471144987740194,
        "std": 0.02385142491982443
      },
      "eg": {
        "mean": 0.26980938049779796,
        "std": 0.019073137922551817
      },
      "latency": {
        "mean": 24.76949435086788,
        "std": 2.6846285285882074
      }
    },
    "M_D": {
      "ivr": {
        "mean": 0.0,
        "std": 0.0
      },
      "eg": {
        "mean": 0.31026958481664657,
        "std": 0.014915998978610118
      },
      "latency": {
        "mean": 1829.200039832308,
        "std": 192.34694546202732
      },
      "collect_latency": {
        "mean": 1196.3612384679125,
        "std": 126.16434692528117
      }
    }
  },
  "15": {
    "M_P": {
      "ivr": {
        "mean": 0.48811307728482506,
        "std": 0.006238521483552917
      },
      "eg": {
        "mean": 0.0,
        "std": 0.0
      },
      "latency": {
        "mean": 18.114597099717777,
        "std": 2.444304602687277
      }
    },
    "M_L": {
      "ivr": {
        "mean": 0.15649455712177932,
        "std": 0.020406501111970236
      },
      "eg": {
        "mean": 0.31044311497465527,
        "std": 0.01539988969022351
      },
      "latency": {
        "mean": 24.033014561234875,
        "std": 2.651340615095577
      }
    },
    "M_D": {
      "ivr": {
        "mean": 0.0,
        "std": 0.0
      },
      "eg": {
        "mean": 0.3621492644136596,
        "std": 0.010768271301498772
      },
      "latency": {
        "mean": 1784.1128730106682,
        "std": 196.5232567247408
      },
      "collect_latency": {
        "mean": 1165.8418249626493,
        "std": 123.89055149106053
      }
    }
  }
}